"seller_id","total_revenue","volatility"
"ee27a8f15b1dded4d213a468ba4eb391","6499",NULL
"80ceebb4ee9b31afb6c6a916a574a1e2","6729",NULL
"e3b4998c7a498169dc7bce44e6bb6277","6897.9","3841.735671542226"
"59417c56835dd8e2e72f91f809cd4092","36459","1321.590096192061"
"c510bc1718f0f2961eaa42a23330681a","12251.00","1296.116870113799"
"512d298ac2a96d1931b6bd30aa21f61d","7401.94","1235.913111596099"
"c4f7fee5b0db50e87766f5a4d1b1b758","11961.83","1151.501026983669"
"403aa86912527d730337ffcb0fb096ab","8959.89","1123.183988813619"
"f25e239052084705e17a982bc600ab2a","7380","1017.380810849956"
"039e6ad9dae79614493083e241147386","12925","968.904020014367"
"2528744c5ef5d955adc318720a94d2e7","6245","961.119139337054"
"821fb029fc6e495ca4f08a35d51e53a5","19187.42","946.262304353369"
"c72de06d72748d1a0dfb2125be43ba63","17522","925.713404547707"
"abe021b01ba992245271b9aa422032df","6720","876.812408671319"
"d23019c84ffae2d5ef2270367b8605fc","29205.1","859.686930430826"
"b1b3948701c5c72445495bd161b83a4c","24699.19","810.096368477999"
"6bd69102ab48df500790a8cecfc285c2","8070","774.745119377980"
"784ba75dd9d20200c4caed3d7a77141a","8295.13","770.789906341028"
"06532f10282704ef4c69168b914b77be","10220.50","762.047248460429"
"f9244d45189d3a3605499abddeade7d5","15731.43","761.620247252996"
"ed4acab38528488b65a9a9c603ff024a","12759.45","711.463460844158"
"f021c962aaba8ef6eb527a9c2c8394d1","4398.5","696.491349551450"
"87e24fc7052259b1f7f607d61c10d8be","7473.49","695.301091263706"
"455c5640e8c5bd1b2ee85c0158f85727","6729.5","686.947364249984"
"6c12e40690c335dbc2f68a4134d30dc1","9139.2","676.571269234026"
"e882b2a25a10b9c057cc49695f222c19","51057.54","669.945635941364"
"b8630e1121437d41cb08e3c749c2c2e2","6988","659.171426638754"
"2bf6a2c1e71bbd29a4ad64e6d3c3629f","50628.9","657.828867996755"
"a4b6b9b992b46e9ef863637af96e04bc","7147","643.937974796187"
"180c3376aff0e43dd5788709df48a843","4513","641.177744467164"
"4d0041cdbe51b4617d95c70b19decc74","5235.2","609.207213164313"
"b839e41795b7f3ad94cc2014a52f6796","42829","598.056080478098"
"5882820ef11c4c068eea0677a7a879b4","9925.5","593.905964593908"
"ba90964cff9b9e0e6f32b23b82465f7b","44212.5","587.706031576944"
"c3acdfac4e3e97ff87529454fbc03642","16788","559.220236335625"
"eeb6de78f79159600292e314a77cbd18","43739.84","554.813919341852"
"c4d51195486dc781531876a7d00453d8","11468.98","544.388460706815"
"67883baaae6134ee81b271a542613728","8167.9","541.736661010717"
"fbc14c0cf93505ef89f64665ffa4a7b5","12227.82","532.516445479276"
"e7df4cd29ab5abab70fb0783ddb53987","9608.7","523.899300656396"
"6061155addc1e54b4cfb51c1c2a32ad8","15633.4","523.393184505799"
"1c5e4e49b9079480255b49d50aac1aa9","10173.11","518.757261091935"
"7b0df942f46435babab05d49b744b2c4","22600.63","518.270298138102"
"610f72e407cdd7caaa2f8167b0163fd8","13585.16","510.103380095211"
"257e61d3251fb5efb9daadddbc2cf7ca","7729","491.934115753750"
"0307f7565ff85b299b6e5ef162b1b1a9","4728.8","485.020473303766"
"53243585a1d6dc2643021fd1853d8905","222776.05","473.861926323144"
"edb1ef5e36e0c8cd84eb3c9b003e486d","79284.55","463.152096187764"
"2b3e4a2a3ea8e01938cabda2a3e5cc79","23629.15","461.558120495743"
"2fdde51ad3e12f297da656d4fbd5d0b5","6252","461.290171391308"
"8fb791022c1fc8909664f48ab7dc636d","8119.95","453.354166187982"
"c847e075301870dd144a116762eaff9a","15348.7","452.547127432122"
"1f1bb1f0859883505541bdd6606193e5","16040.84","436.456106986841"
"b4f8921fcc4ff77b66bea6dda43dcd51","11395.05","434.355462264128"
"989becdce12ebc39863c2bceab6f3ca1","7840.88","433.939737876697"
"270297ead4c65a6cd2593960d2af6b21","9422.40","423.154421856658"
"8cc6a0e5738e61a87b03c78b2ba9db4b","13312.40","421.412817500662"
"54065e9aef7e9e9c2dc23b7594db021a","8003","416.458070129304"
"b32be1695eb7ec5f10f72d9610a12527","26874","414.180793215474"
"02d35243ea2e497335cd0f076b45675d","5794","410.231134037061"
"b37c4c02bda3161a7546a4e6d222d5b2","24075","399.182199717658"
"8b8cfc8305aa441e4239358c9f6f2485","11892","394.868549556142"
"ff69aa92bb6b1bf9b8b7a51c2ed9cf8b","21940.8","392.300286971466"
"ad97a199236354e53fcd91a5a913e9a2","13205.90","384.407415058079"
"f1fd5ab1181f827ffad998c1a5de7d74","7045.99","384.188507310570"
"822b63912576852aea9a8436d72317b7","4905.69","381.956142213998"
"d71d863e5ef30d94e440c11be17dcd8f","11900.9","378.299566722643"
"9596c870880d900012f2e8e6e30d06d7","8606.25","377.714531702500"
"94144541854e298c2d976cb893b81343","17286.28","376.683568495995"
"7e93a43ef30c4f03f38b393420bc753a","176431.87","376.558090535781"
"4a3ccda38b2129705f3fb522db62ca31","17062.59","376.400843285352"
"c840d3fdbba0790404fdae73d253b253","4522.28","374.996782509274"
"70eea00b476a314817cefde4aad4f89a","31994.65","374.376353961787"
"ea566164622c6b439516ab18062c42cd","10309.42","372.410862460512"
"d03698c2efd04a549382afa6623e27fb","8865.47","363.340450522909"
"f5a590cf36251cf1162ea35bef76fe84","53201.78","355.638885892208"
"e9c6969d40e6a3d2d0f90013165c2b98","5239.98","339.868749202460"
"5dceca129747e92ff8ef7a997dc4f8ca","112155.53","335.415918094277"
"52ac6f920b7280e4c6d30dd94de6259b","5657.3","331.029059291232"
"ce248b21cb2adc36282ede306b7660e5","15230.06","328.785359622785"
"a6bd7d1ccdac48c6b33b28596b7eb122","14368.61","328.078706699449"
"26d8a1c7c75d513045798992ead43aa2","8244.12","328.067208415522"
"c6bda72e4dbf5c5866b13cb1810c6d03","14059.38","327.765616963066"
"961dff0a659b4561334372337dd897d9","9946","325.000000000000"
"2a5b78b41cd05baeac8df54c6606b92c","19025.36","323.043789249119"
"e5e33c0d8e7e002f398f5dc4cbbb338f","6698.70","321.470081750372"
"2addf05f476d0637864454e93ba673d5","4552","319.109936409306"
"240b9776d844d37535668549a396af32","13592.08","318.744570912744"
"5b67882648febfb6e1225e6ad7164f6b","6813.48","314.448281396327"
"fa1c13f2614d7b5c4749cbc52fecda94","194042.03","313.661475967464"
"b2ac621f0d0322434d04a12b078b9369","9575.5","312.755828616084"
"5bffbafbb22daf6d3bfc216a46db8708","5239.70","305.478608690672"
"903037660cf848a717166eb7a06d616e","7991.51","304.770281239970"
"054694fa03fe82cec4b7551487331d74","9983.1","304.159882661700"
"8476243f92442881ddd5b578975cf115","7838","304.136881065487"
"7681ef142fd2c19048da7430856b5588","31941.81","304.098389407765"
"cfa5ab0e4d3fc212fd0b3410e7081c62","6180.80","303.229383478518"
"c60b801f2d52c7f7f91de00870882a75","12913.5","300.544064785929"
"014c0679dd340a0e338872e7ec85666a","7058","299.782270195903"
"04308b1ee57b6625f47df1d56f00eedf","60130.6","299.602743155409"
"9df5750209b83567ec144eb299d7d634","4917","292.483161908511"
"0873d9f8f36123f8d910f4760e788cfb","7265.59","291.578192834558"
"7901646fdd36a55f564ffaf2dbccaaf7","11857.08","288.787187593128"
"17e34d8224d27a541263c4c64b11a56b","56363.24","281.239082176469"
"7178f9f4dd81dcef02f62acdf8151e01","37070.40","281.215365498132"
"522620dcb18a6b31cd7bdf73665113a9","57168.49","277.333238642029"
"d624126b9206f595fb3fbb6ba03b28a8","7198.8","276.893784957605"
"f08a5b9dd6767129688d001acafc21e5","14069.63","276.551228891925"
"8f580d36c1e9d6fbce95283403c7d447","4813.25","275.066047182309"
"397c4d0c005b6f41f90098ac724e28cb","8177","274.197556517194"
"ce69a8021d18961dd2a40269b7c2c293","4818.00","268.311545966308"
"165fc07beebdcb6190fba8a06db2a449","17481.4","263.967069837003"
"76d5af76d0271110f9af36c92573f765","33461.60","263.814080636924"
"af4a0e4cfe1d9c26b6712b1be25a72e5","8757.98","262.906030135952"
"b3b17aab11f273023a5f22ca52e1eb70","6850","260.823203702707"
"52d76513f0c4d97f3b99570e2c94ee31","8153.10","259.581718530481"
"a63bfbaa882c8f4542891b4e2246cc7f","6772","256.256939511146"
"968268a686aa05d1f529fb07dff08130","4677.29","255.962692255171"
"850f4f8af5ea87287ac68de36e29107f","45355.36","254.500178015209"
"5670f4db5b62c43d542e1b2d56b0cf7c","6630.09","253.438953782935"
"d1b65fc7debc3361ea86b5f14c68d2e2","11703.07","252.446648684333"
"31ae0774c17fabd06ff707cc5bde005f","6719.85","245.901196067186"
"7b1222c3624aa89b9558b50a2594188c","10103.52","244.514085267848"
"6e386f64c84e482f0b9abf960797ee1b","12938.3","243.295496058392"
"099095b050cfe8eb1ddff5317587e96e","5193.83","240.667510134778"
"822bad9bc42b51213ba522fe87b7ab5d","5160","240.381804146458"
"7bac63f6603d382cc8d0832eb6c100a8","7751.95","233.792914108051"
"b19f3ca2ea475913750f25a5c37c8d8f","6202.91","233.232613369034"
"a00824eb9093d40e589b940ec45c4eb0","9399.97","230.940107675850"
"612170e34b97004b3ba37eae81836b4c","23065.02","226.564983613163"
"e96498ed8daaa3e9c23f7a62da76591c","9619.09","224.480443505242"
"e59aa562b9f8076dd550fcddf0e73491","31574.3","221.524359395969"
"bd4889b5e9133b35b66e42a8665cea5c","6271.90","221.011069238398"
"33c51922b6e3c16b24a8f28e5833c99d","6657.87","220.838510926328"
"72c5da29406b4234927b81855e7b64f6","11798.69","215.108449767298"
"aba1721a889e04decc910aa13b768ef4","14103.3","206.938472807043"
"87b740daf17b5d1be335a64164ec6842","14699.87","205.688337801861"
"d379f449f2a3b271bc01c0782020f705","4423.06","203.253538853940"
"a2e874074c877c5a05abae80ad6e488f","8071.98","199.560305893989"
"2e3be8a987a30d7544dbbda6861cc14e","4430.84","197.831118425651"
"1da366cade6d8276e7d8beea7af5d4bf","6917.59","195.826258784648"
"712e6ed8aa4aa1fa65dab41fed5737e4","39815","195.339476535826"
"b4a476fbd28de64b1e347abf9089366a","5724.04","194.126122219609"
"9baf5cb77970f539089d09a38bcec5c3","6129.67","191.818278310330"
"05feb94f19d094d4b0f9281f0b1d4c99","9353","190.844875924576"
"966cb4760537b1404caedd472cc610a5","51286.05","190.517492947285"
"527801b552d0077ffd170872eb49683b","17942.8","189.400164625716"
"bba3293d6f5d5af2f415e004e8b93ae3","11702.10","189.202854559675"
"d6b664fa0667064c6d76394e7848d790","6080","188.163404164218"
"34d1ca11b242c0fee2c834ae8d788566","13422.24","187.382733461523"
"ccc4bbb5f32a6ab2b7066a4130f114e3","74004.62","187.128043620974"
"ade45994b717ccee333492330fbf037b","7196","187.062199994191"
"46dc3b2cc0980fb8ec44634e21d2718e","128111.19","186.052278980258"
"59b22a78efb79a4797979612b885db36","27184.5","185.792353675307"
"f12ff17ad8bbf01ec5c33b17e506649b","6241","185.775667196131"
"17f51e7198701186712e53a39c564617","48019","185.553300489117"
"4aba391bc3b88717ce08eb11e44937b2","7595.87","184.333691209875"
"48162d548f5b1b11b9d29d1e01f75a61","20510.14","182.865210595547"
"8ae520247981aa06bc94abddf5f46d34","16320.99","182.678303561653"
"d650b663c3b5f6fb392b6326366efa9a","19242.9","182.393444002942"
"05ff92fedb5be47920fea08e501238b9","21992.78","181.561362940606"
"2eb70248d66e0e3ef83659f71b244378","42628.61","181.286022743854"
"f6122bc84774df1b372bdb3bb88ddb9f","4799.87","180.263704980601"
"40db9e9aa57f7bb151bcda6b0f9bdbb7","23168","179.954202928176"
"86bb7c4b535e49a541baf3266b1c95b1","8162.4","179.360159084081"
"e24fc9fcd865784fb25705606fe3dfe7","12936","177.836083872966"
"0adac9fbd9a2b63cccaac4f8756c1ca8","15960.95","176.925322487128"
"f45122a9ab94eb4f3f8953578bc0c560","22078.29","176.737135505618"
"37dd29b36c458d82f74a953c40c43645","4536.99","175.988259343587"
"23d7c96d4a1160db1c726b248601b25a","11766.94","173.370079980537"
"0b35c634521043bf4b47e21547b99ab5","13533.65","173.287643600053"
"e06f09ec0a4aca210779cf1cfc63cf19","5279.49","173.138014787383"
"6288c69c4ce638e59925e59193f98b16","4506.28","173.102734866269"
"b33e7c55446eabf8fe1a42d037ac7d6d","44985.17","172.811985107634"
"ff063b022a9a0aab91bad2c9088760b7","12076.5","172.410412711020"
"c35affa65afd250151285c5917fc1c8a","5279.91","170.953209972788"
"93dc87703c046b603023e75222018b45","8517.35","169.232782265299"
"17306570e772e7718c92a562d33f5f1d","9669.8","168.599015489989"
"5d378b73ab7dd6f0418d743e5dcb0bd1","13243","168.395792278616"
"8444e55c1f13cd5c179851e5ca5ebd00","22873.21","168.215071434245"
"750303a20e9c56b2a6bc45cdce0b897d","8085.0","167.425737212661"
"4d600e08ecbe08258c79e536c5a42fee","4465.34","166.724771811853"
"42bde9fef835393bb8a8849cb6b7f245","7703","166.681623046869"
"7ddcbb64b5bc1ef36ca8c151f6ec77df","55578.57","165.560021214939"
"744dac408745240a2c2528fb1b6028f3","22490.6","165.480767567964"
"bba74270a87732727b5a3b4fd9ac1c39","6001.59","164.939515891247"
"0691148aee60ca47977c187804f935ae","5868.51","164.868461448973"
"f680f85bee2d253556ac91be391d2c82","5183.92","164.046884616809"
"a5cba26a62b8b4d0145b68b841e62e7f","14737.84","162.559947915001"
"05f51e13da97139648b8125c31e5f51b","13769.01","161.771324741920"
"fcb5ace8bcc92f75707dc0f01a27d269","8318.63","161.177229640319"
"f4c4daa86e30c7e5a553a8d518ac03a5","6301.91","160.443182186914"
"381c83fdca332ea6afd896da20bf6e4a","7355.8","159.218412986113"
"dc317f341ab0e22f39acbd9dbf9b4a1f","18988.4","157.953592394324"
"729f06993dac8e860d4f02d7088ca48a","20485.08","155.714931079173"
"30829ded4523ab9224b93bc49a62c95f","6911.71","155.328672972223"
"75d34ebb1bd0bd7dde40dd507b8169c3","15048.28","154.858089789962"
"5b8154610ebb21fb90eb587365e673df","9397.54","154.602837520895"
"0b90b6df587eb83608a64ea8b390cf07","28592.32","153.726738143000"
"a420f60ff1aa9acc80d0e42959f2b313","7443.3","151.715136175522"
"e81e1f9c3e762e620f3fb60a51499e16","4465.99","151.136124870428"
"76d64c4aca3a7baf218bf93ef7fa768d","16911.8","149.284826947323"
"d50d79cb34e38265a8649c383dcffd48","13012.42","148.136783442239"
"25e6ffe976bd75618accfe16cefcbd0d","11691.61","147.363733656055"
"cee48807215b30a12ca2ca10ffb5f250","7212.23","146.994044391610"
"52f976b17ea7f2f087f56dcc419328f6","7630","146.727866019603"
"73a63f72308aa20a46f4b1632018f196","9606.80","144.692775726921"
"7d13fca15225358621be4086e1eb0964","113628.97","143.541254814733"
"7299e27ed73d2ad986de7f7c77d919fa","34725.43","143.036600120441"
"25c5c91f63607446a97b143d2d535d31","54679.22","142.551223931294"
"b2ba3715d723d245138f291a6fe42594","51676.88","142.058215065696"
"2089a6d640999f9b9141ac719b2af596","8830.82","141.711542503984"
"d63c73efd41eb002280e7ec831424edb","5598","141.421356237310"
"36a968b544695394e4e9d7572688598f","9482.87","140.445267741833"
"2528513dd95219a6013d4d05176e391a","32689.1","138.662569752933"
"c66dccfb3f109511246da627dd5a2498","12708.55","136.837981152378"
"9de4643a8dbde634fe55621059d92273","17560.34","134.749809897252"
"f3b80352b986ab4d1057a4b724be19d0","10505.1","133.504546229972"
"575df70bde3f9f2b30bf8d2e9910d725","5410.05","132.518001644320"
"4bfc7a4a1cf8d4d2121c27422d9e50b5","8124.4","131.724039042000"
"e8b3a3a38279a82f0e5d006d5e5b7d2c","13154.7","130.816956744006"
"5c243662ce92d84573bfaff24c3e3700","32862.02","130.107371897913"
"40d54b51e962dbe09cabbcfd33298dee","6785.56","129.988816784492"
"04aa0a1c5ce6b222003403a3e11c3cc0","5518","129.690525301354"
"710e3548e02bc1d2831dfc4f1b5b14d4","23979.11","128.484953143869"
"7202e2ba20579a9bd1acb29e61fe71f6","12750.5","128.275868020834"
"01cf7e3d21494c41fb86034f2e714fa1","9729.36","127.718321272076"
"09f952a5f58d2285b0372551ae8f9b01","11821.50","127.492871873574"
"45ba18c210d42734ec52c0c1c574e9ee","5589.13","127.288112357121"
"96493fab2fbb13a14d0c0e8772eef5c3","18969","127.050748164373"
"a416b6a846a11724393025641d4edd5e","25670.72","126.918153719959"
"056b4ada5bbc2c50cc7842547dda6b51","12333.39","126.857049947288"
"900ba814c251a692506d7834c1218441","29099.69","126.645909002921"
"2b1a40c1daabc6ca280c4b815c101841","12732.60","126.141480259337"
"aced59e9b31ef866a94f9e7f29d8d418","7268.5","126.121954272900"
"ea67327e24487bdfac5fbfa37ea124df","6250.18","124.202823511670"
"1c68394e931a64f90ea236c5ea590300","24832.75","124.003164034613"
"4e17c65a516f69d023a2ae78b84f28d6","7639.26","122.738521758997"
"b347677812ea483b0f528eaf8cbc09b7","7288.99","122.532761236293"
"31da954dc0855f2495c6310f70a2f931","4583","121.938843725842"
"855668e0971d4dfd7bef1b6a4133b41b","32208.16","121.823895992083"
"4869f7a5dfa277a7dca6462dcf3b52b2","229472.63","121.619569276032"
"94e93ce877be27a515118dbfd2c2be41","5674.57","120.180915533571"
"eb3071b9f0b0ddaa2df5ea130f09f26b","6230","119.354323530631"
"11305281b50fff20ae8bb473f8e11876","6528.70","118.667031555547"
"dd55f1bb788714a40e7954c3be6df745","7041.76","116.471179867123"
"45213867cefbf2cd4c6177e10216a951","4955.42","115.232497276469"
"c9a06ece156bb057372c68718ec8909b","4688.9","114.747858559348"
"066a6914e1ebf3ea95a216c73a986b91","9410.38","114.218312416291"
"16090f2ca825584b5a147ab24aa30c86","25716.44","114.055353569538"
"06e5eefc71ec47ae763c5c6f8db7064f","22188.56","111.862070228026"
"bbf9ad41dca6603e614efcdad7aab8c4","7846","110.513287948494"
"ff4ea69c2a729e83e63c7579e4ef8170","7017","110.177130113286"
"d66c305afaec317ebee552073a674429","4886.46","109.898274459337"
"f7ba60f8c3f99e7ee4042fdef03b70c4","68395","109.680313284020"
"d51e0a403fe2e689ece6c73359d96e12","7790","109.605867333123"
"582d4f8675b945722eda7c0cb61ba4c7","4702.96","109.049137489866"
"81a1104df0f08b59c68aa5b03cfe398e","9420.88","108.731045677405"
"7dc8c42cc750eeafea6c85712ffee9bf","6409.68","108.478783607201"
"a888faf2d1baececa6baf9c3d603ee1f","17765.8","107.626558436141"
"8931a84a914b3fe9b1ddaa4d704947ca","4668.3","107.244397129761"
"55d3daac7c404d59e51c2aa2f4dc5a23","4480.6","107.010457630682"
"e0878efa0e0b7e5313ac0b43bc04c081","5065.3","105.180291730309"
"7142540dd4c91e2237acb7e911c4eba2","37373.56","104.208346919363"
"b372ee768ed69e46ca8cdbd267aa7a38","12630","104.146451576418"
"1a932caad4f9d804097d7f8e615baed1","4661.0","103.303113860780"
"3078096983cf766a32a06257648502d1","8285.42","103.164713805176"
"cd68562d3f44870c08922d380acae552","18569.7","102.6235726820150170"
"c12b92bf1c350f3e6bf88d3596219c86","4808.78","102.604742304546"
"3bb548e3cb7f70f28e3f11ee9dce0e59","7690.02","102.040023493872"
"abe42c5d03695b4257b5c6cbf4e6784e","17159","102.031945777701"
"ff1fb4c404b2efe68b03350a8dc24122","6771","100.979303463092"
"620c87c171fb2a6dd6e8bb4dec959fc6","114774.50","100.955247628768"
"8bd0f31cf0a614c658f6763bd02dea69","4455.34","100.092578891123"
"6039e27294dc75811c0d8a39069f52c0","13670.7","100.083628328810"
"c4af86330efa7a2620772227d2d670c9","5396","100.0000000000000000"
"fffd5413c0700ac820c7069d66d98c89","9062.3","99.7662587650661684"
"f181738b150df1f37cb0bd72e705b193","5529.7","97.5871394692445619"
"05d2173d43ea568aa0540eba70d2ca76","5759.66","96.5692260594695960"
"062ce95fa2ad4dfaedfc79260130565f","7521.0","96.0210826073354880"
"9c0e69c7bf2619675bbadf47b43f655a","33702.78","95.8179451098642561"
"f67efa3f0b6761102a7f8c6b7b571f5d","5188.68","95.5493823936421455"
"99eaacc9e6046db1c82b163c5f84869f","13139.17","94.4224888687090830"
"c3867b4666c7d76867627c2f7fb22e21","37153.4","93.6831880256833094"
"376a891762bbdecbc02b4b6adec3fdda","6406.23","93.6128022441956883"
"88460e8ebdecbfecb5f9601833981930","31546.55","93.5019310520061688"
"f7496d659ca9fdaf323c0aae84176632","5087.57","93.4584569043998658"
"86ccac0b835037332a596a33b6949ee1","16619.93","93.2428793787704092"
"3c487ae8f8d7542beff5788e2e0aea83","9385.7","93.1242856389114845"
"bfd27a966d91cfaafdb25d076585f0da","19921","92.9539571123061330"
"6a51fc556dab5f766ced6fbc860bc613","7577.67","92.0914686880040825"
"2a7dc43cecabf23403078e2188437d1d","4795.91","91.6817316389544458"
"7ad32824caee82087b3e2e5f33b1bf32","22505.1","90.0441291441907899"
"ceaec5548eefc6e23e6607c5435102e7","52917.18","89.1055245938925337"
"b94cc9f10ddc85e4ba73a6f7974e7101","25346.1","88.8523316638638536"
"de23c3b98a88888289c6f5cc1209054a","26399.67","87.3500053769979542"
"b18dc380845b24038cfc48006478f099","8353.30","87.3235900793514717"
"1554a68530182680ad5c8b042c3ab563","29052.53","86.0947202182677333"
"01fdefa7697d26ad920e9e0346d4bd1b","14921.43","86.0540459226608621"
"44073f8b7e41514de3b7815dd0237f4f","18729.64","85.3405233187202661"
"e5a38146df062edaf55c38afa99e42dc","15360.07","84.6110674746513289"
"e2aee0892199b1d92530e371abd825bf","5662.57","84.6042644481049670"
"2e1c9f22be269ef4643f826c9e650a52","12687.68","83.9060453059026793"
"955fee9216a65b617aa5c0531780ce60","135171.70","83.8902352750840226"
"1bb2bdb95f4841f1bba2c0d2cd83d3c9","5002.71","83.3123415020525146"
"1025f0e2d44d7041d6cf58b6550e0bfa","138968.55","82.7405489687168243"
"d91fb3b7d041e83b64a00a3edfb37e4f","40889.74","81.4285065426865924"
"77530e9772f57a62c906e1c21538ab82","46610.4","81.1451878626468610"
"32b8764b4ef628b53608fc34011fcc13","8884","80.9905426226426734"
"4e922959ae960d389249c378d1c939f5","46030.37","79.6846280202031764"
"0241d4d5d36f10f80c644447315af0bd","31397.7","79.3728294459498822"
"f8db351d8c4c4c22c6835c19a46f01b0","50525.6","78.3998044630467108"
"54965bbe3e4f07ae045b90b0b8541f52","10961.3","77.4110959377388336"
"e333046ce6517bd8bb510291d44f0130","7268","77.2291147935040531"
"17a053fcb14bd219540cbde0df490be0","40703.14","77.2009198279050534"
"218d46b86c1881d022bce9c68a7d4b15","55093.28","76.3613908679036279"
"c3cfdc648177fdbbbb35635a37472c53","43048.18","76.2109145011652198"
"2a84855fd20af891be03bc5924d2b453","15819.1","75.3940887194993629"
"d566c37fa119d5e66c4e9052e83ee4ea","5145.7","75.2966052828631025"
"229c3efbfb0ea2058de4ccdfbc3d784a","15744","75.1386387920976729"
"634964b17796e64304cadf1ad3050fb7","39465.1","75.0806924059486660"
"70a12e78e608ac31179aea7f8422044b","30858.53","75.0592182491266233"
"8648b1e89e9b349e32d3741b30ec737e","7442.55","74.5801449939440866"
"4c498c7345e89aebad651544829beca0","4819.76","74.0428511736891316"
"7b07b3c7487f0ea825fc6df75abd658b","9731.85","72.5232780570553333"
"f27e33c6d29b5138fa9967bcd445b6d5","8888.3","71.8883419051552585"
"ad420dd0c4f92f8af951ac24b86d0cf5","4705.29","71.7737111336970066"
"fe2032dab1a61af8794248c8196565c9","65959.61","71.7536416963942312"
"ca3bd7cd9f149df75950150d010fe4a2","9731.85","71.6039293380737350"
"751bdc4d83a466c7206cd42e8f426b03","6648.93","71.4345329173412617"
"a3dd39f583bc80bd8c5901c95878921e","4607.81","71.1944108525145156"
"7d456afc660226829370f3173d14520c","8338.25","70.3032479358505195"
"e0a366315b1b726b6c7832d664c0f530","7400.09","70.1368779028606627"
"d13e50eaa47b4cbe9eb81465865d8cfc","7155.05","70.0191236266504572"
"1835b56ce799e6a4dc4eddc053f04066","33344.21","69.6661889023764902"
"00ee68308b45bc5e2660cd833c3f81cc","20260","69.4920781010947285"
"6f892e20a171e98efe17fdb971ff319b","6438.7","69.0260357686375944"
"da8622b14eb17ae2831f4ac5b9dab84a","160236.57","68.6952420951317884"
"0df3984f9dfb3d49ac6366acbd3bbb85","10021.49","68.2997699324779408"
"dd2bdf855a9172734fbc3744021ae9b9","10816.7","68.2434232949142841"
"4e7c18b98d84e05cbae3ff0ff03846c2","9177.9","68.1963637940419491"
"80e6699fe29150b372a0c8a1ebf7dcc8","11441.56","68.0663564430647590"
"d1c281d3ae149232351cd8c8cc885f0d","26942.60","67.7524844248988745"
"82e0a475a88cc9595229d8029273f045","10930.02","66.0265479398105536"
"7e1fb0a3ebfb01ffb3a7dae98bf3238d","27349.53","65.9001893410207123"
"3db66a856d18a9cba7c9241fc5221c50","9478.3","65.8550064372651449"
"45d33f715e24d15a6ccf5c17b3a23e3c","4838.23","65.8423139175853837"
"5343d0649eca2a983820bfe93fc4d17e","10000.64","65.8400123366340545"
"23c38debaffe4a25a30fdbd9b586a13f","5382.18","65.3513909901528116"
"d921b68bf747894be13a97ae52b0f386","15645.8","64.4056914905608859"
"6c177e38df6d3f34182b1f1d427231bf","8341.89","63.9124871279206547"
"abcd2cb37d46c2c8fb1bf071c859fc5b","4880.22","63.2108083634975949"
"c26a2be5b53b7db6b276280da212a779","7482","61.8346942400842303"
"e9bc59e7b60fc3063eb2290deda4cced","34343.06","61.5398420632218354"
"e8b4225284fbb02d16f200513f1f395d","5788.52","60.8725552033857645"
"1127b7f2594683f2510f1c2c834a486b","6851.33","60.5624735654528967"
"8e6cc767478edae941d9bd9eb778d77a","6830.58","60.3202693453739725"
"bd23da7354813347129d751591d1a6e2","10544.3","60.0559849190258238"
"5b925e1d006e9476d738aa200751b73b","7748.5","59.7976758141158634"
"282f23a9769b2690c5dda22e316f9941","6505.08","59.7533894834619563"
"e62b2d6ac10570a035a30bafcf01d263","5340.39","59.5923540343569313"
"4a3ca9315b744ce9f8e9374361493884","200472.92","59.5166123506444094"
"5058e8c1e82653974541e83690655b4a","10022.82","59.4539285764769558"
"02f623a8eb246f3c5f7c2f96462654e6","6378","59.4454819788313286"
"f262cbc1c910c83959f849465454ddd3","10482.83","59.2101968925900826"
"391fc6631aebcf3004804e51b40bcf1e","39951.95","59.1263924147927217"
"cc3d14116804f7209f3884f6367f1152","5477.8","59.0885538442285694"
"b92e3c8f9738272ff7c59e111e108d7c","8231.09","59.0066208849555252"
"897060da8b9a21f655304d50fd935913","23023.92","58.9402165985216980"
"79ebd9a61bac3eaf882805ed4ecfa12a","15092.79","58.8204239840361474"
"3340ef1913fb70d28420f6ceb685c339","6731.15","58.4720219609920481"
"516e7738bd8f735ac19a010ee5450d8d","6643.09","58.2913922090176125"
"02ecc2a19303f05e59ce133fd923fff7","5264.19","58.0111230947771886"
"dc4a0fc896dc34b0d5bfec8438291c80","24180.77","57.9657292877020791"
"cfb1a033743668a192316f3c6d1d2671","12803.64","57.4351272534757323"
"1b4c3a6f53068f0b6944d2d005c9fc89","14760.30","57.3910873090926367"
"b1a81260566c1bac3114a6d124413f27","8684.69","57.3375876892250040"
"9f505651f4a6abe901a56cdc21508025","26361.82","57.3228919580854439"
"0ef83d7d83ed97cd2a0049ac8be5f88a","4421.01","57.1378557914491961"
"dd7ddc04e1b6c2c614352b383efe2d36","9178.51","56.9623897634421309"
"67bf6941ba2f1fa1d02c375766bc3e53","5610","56.9611396354692729"
"c8b0e2b0a7095e5d8219575d5e7e1181","12170.21","56.6669201189751279"
"a3a38f4affed601eb87a97788c949667","26533.32","56.1896413180848280"
"83deb69e889cf80f82be1dc6d5f2d486","5363.01","56.1101039721905599"
"d05ae8f7a5bd1d2a690a44cd079e4e27","13436","55.9084928065605661"
"4bf2f4ee540798a61f9636d12cd9cc80","4995.56","55.8977321564111853"
"f46490624488d3ff7ce78613913a7711","5802.85","55.7503248488923225"
"c9c7905cffc4ef9ff9f113554423e671","10657.18","55.0273389287526279"
"440dd6ab244315c632130ecfb63827b1","13696.9","54.9383797539461641"
"33a17d60c64393351ebf1ef860f4e0f2","8152.48","54.8489355814001275"
"9d4db00d65d7760644ac0c14edb5fd86","9979.70","54.8368716828339503"
"7a67c85e85bb2ce8582c35f2203ad736","141745.53","54.4629766615557738"
"d9bd94811c3338dceb4181f3dbc0c73e","6911.02","54.4079471699300712"
"8e6d7754bc7e0f22c96d255ebda59eba","14497.27","53.7414214580147350"
"8b28d096634035667e8263d57ba3368c","9375.70","53.6653190688201721"
"aaed1309374718fdd995ee4c58c9dfcd","9376.95","53.4702893373460068"
"e9779976487b77c6d4ac45f75ec7afe9","43162.95","53.1696932636346762"
"a3e9a2c700480d9bb01fba070ba80a0e","13440.8","53.1330091270639301"
"ebd2d60905fb58271facef5596b620d3","7941.72","52.9591901122541008"
"4d6d651bd7684af3fffabd5f08d12e5a","43587.4","52.8916780628270605"
"1336efc61c316ddf92c899eb817f7cae","4837.31","52.8902905597066661"
"c68fb906c8f4b4b946d8386bfa6e5467","4541.16","52.8801185138852841"
"f789d2c4f2c2eb38fc4373e7a4b35264","4864.24","52.8502674815761898"
"5f2684dab12e59f83bef73ae57724e45","9000.87","52.0040414466642719"
"6d66611d7c44cc30ce351abc49a68421","13593.4","51.7458195187044812"
"b90e891671cffd9557f33a97dc523645","4449","51.7226330461894528"
"a673821011d0cec28146ea42f5ab767f","13863.69","51.6559154663710422"
"3f0e48d209018b466fcd3bb4ccfeb520","5399.0","51.6397779494322251"
"13fa2a6c6b9d0f43cb588d7c82117a12","4528","51.6156737607655159"
"1ca7077d890b907f89be8c954a02686a","13341.57","51.5530032788542568"
"41b39e28db005d9731d9d485a83b4c38","17112.55","51.0842412048274509"
"9d5a9018aee56acb367ba9c3f05d1d6a","10292.31","50.9903599037687855"
"31344c16881c08a8a72c6d2eb29918c1","9615.7","50.7572774896534741"
"f84a00e60c73a49e7e851c9bdca3a5bb","5949.94","50.6280932120109096"
"87142160b41353c4e5fca2360caf6f92","31095.98","50.4844548630150114"
"ef990a83bbea832f36ebe81376335aa8","4642.59","50.4572976694929869"
"709e16e2b25c7474d980076c6bfc4806","5151.9","50.0565869506891044"
"58f1a6197ed863543e0136bdedb3fce2","6833","50.0172495497828481"
"6d803cb79cc31c41c4c789a75933b3c7","8711.4","49.8364485932897148"
"8f2ce03f928b567e3d56181ae20ae952","21712.9","49.6864166019797045"
"18a349e75d307f4b4cc646a691ed4216","8711.53","49.5988195820218120"
"d6b1ce66b035a475f00c017792ff9769","12277.40","48.7598509754825175"
"cca3071e3e9bb7d12640c9fbe2301306","64009.89","48.5452379276356370"
"66e0557ecc2b4dbea057e93f215f68d8","12480","48.4573862230505833"
"8581055ce74af1daba164fdbd55a40de","64925.30","47.7211069237709573"
"1e8b33f18b4f7598d87f5cbee2282cc2","17309.06","47.6747543796431229"
"cc63f0dd2acba93ffed4fe9f8e0321fa","7096.71","47.3451977477081117"
"59fb871bf6f4522a87ba567b42dafecf","21708.57","47.2268239946307704"
"7c67e1448b00f6e969d365cea6b010ab","187923.89","47.1999830634864358"
"6fd52c528dcb38be2eea044946b811f8","7743.02","47.0440272998580312"
"17ca9b9e9b9ef8fdb529001b49ebb50f","9754.83","47.0329656934219347"
"835f0f7810c76831d6c7d24c7a646d4d","5130.0","46.8955635167232041"
"7040e82f899a04d1b434b795a43b4617","9738.2","46.8600357777025681"
"bacb1f0ed56ad24198f5810d2b3fe9a5","6940.45","46.7468075447016007"
"aac29b1b99776be73c3049939652091d","6755.91","46.7318461685244039"
"ce27a3cc3c8cc1ea79d11e561e9bebb6","10682.65","46.6253262173179361"
"e067ad2c1c0b48758eb1b5228bcf7a68","5042.55","46.5958468680974963"
"57e632711dec9ec14ca7546769483e7e","6350.06","46.5796195745686448"
"725c32fa80c2faacc4fc88450d27314e","7838.88","46.3380403655879815"
"a7f13822ceb966b076af67121f87b063","12477.64","46.2537383269746775"
"004c9cd9d87a3c30c522c48c4fc07416","19712.71","45.7575754059095377"
"34056b8b55c1775a22af2331670a799c","6455.4","45.6841108266099672"
"679769a98cfcc6da877c8486ff1c13f3","7029","45.1188905638678766"
"aafe36600ce604f205b86b5084d3d767","9251.4","44.9375361476411162"
"33dd941c27854f7625b968cc6195a552","6787.5","44.7213595499957939"
"916c9de0b5ad957346eeeb12f332687e","5480.25","44.4447919753277586"
"dfa0c4c6229ab200a4a1336b4d7128ff","4777.1","44.2981468919124826"
"48436dade18ac8b2bce089ec2a041202","12271.71","44.1936324052955952"
"ac3508719a1d8f5b7614b798f70af136","12775.84","44.0182049259074000"
"b39d7fe263ef469605dbb32608aee0af","5193.1","43.4597691044515893"
"048c2757535328e0d7dac690ad3c0aae","9264.78","43.3353975215751445"
"bd0389da23d89b726abf911cccc54596","7472.16","43.1662207406868996"
"0d85bbda9889ce1f7e63778d24f346eb","4845.2","43.1414231991050931"
"4371b634e0efc0e22b09b52907d9d469","8194","43.1255350814546539"
"70c27847eca8195c983ed7e798c56743","12077.52","42.8355415345329915"
"c864036feaab8c1659f65ea4faebe1da","10454.2","42.5900703871663853"
"0176f73cc1195f367f7b32db1e5b3aa8","4733.1","42.1855838146324167"
"0c8380b62e38e8a1e6adbeba7eb9688c","17348.79","41.8402926301738516"
"0be8ff43f22e456b4e0371b2245e4d01","11805.5","41.7845040426249885"
"fdb9095204a334cd8872252ffec6f2db","8156","41.3567182217895855"
"5b179e9e8cc7ab6fd113a46ca584da81","5173.5","41.3456812393127360"
"9add47bf45ce8e8c7db6b9cf670b1e09","4829.24","41.2325352645630359"
"b561927807645834b59ef0d16ba55a24","4501.99","40.7606982904952132"
"4b5f66b7adcf57f1ecc0d3c07dd6b177","6381.78","40.2246601468058558"
"febab0275244b9a49a623f0bd613ca2f","7272.42","40.0490369743477654"
"dee656f0f566ed1aa85bd137c943f08f","6271.98","39.8067865395143847"
"3b15288545f8928d3e65a8f949a28291","14061.79","39.3445226182132806"
"817245bcc3badd82bbd222e0366951a6","5580.5","38.9680651432695720"
"3d871de0142ce09b7081e2b9d1733cb1","94914.2","38.9235845486611334"
"5656537e588803a555b8eb41f07a944b","8065.93","38.8360661159947035"
"08633c14ef2db992c11f840f04fad4cd","7644.3","38.3395146667211358"
"b4ffb71f0cb1b1c3d63fad021ecf93e1","6656.09","38.0332727486330614"
"3ab971ce71839580d2ae5b4e40fe8044","5002.9","37.8674408913330975"
"dbb9b48c841a0e39e21f98e1a6b2ec3e","7186.85","37.8493842512765625"
"fa1a9dec3a9940c072684a46728bf1fc","6674.0","37.7613678771678272"
"9674754b5a0cb32b638cec001178f799","5069.92","37.6121666303567932"
"54a1852d1b8f10312c55e906355666ee","17226.44","37.2010053715865917"
"9e6229250fedbe05838fef417b74e7fb","13132.2","37.1405516843864265"
"4b9750c8ad28220fe6702d4ecb7c898f","15915.30","36.9407183852671711"
"de722cd6dad950a92b7d4f82673f8833","55426.1","36.6794822110009201"
"213b25e6f54661939f11710a6fddb871","15379.50","36.6180018962063679"
"c826c40d7b19f62a09e2d7c5e7295ee2","45643.74","36.5798050924775920"
"2e90cb1677d35cfe24eef47d441b7c87","13894.71","36.4905576312972060"
"b499c00f28f4b7069ff6550af8c1348a","10327.13","36.3631361733179759"
"5d0363b33554b373851fc1622e4d5f3c","6610.79","36.3346673285557922"
"53e4c6e0f4312d4d2107a8c9cddf45cd","30148.95","36.1295611841529931"
"a1043bafd471dff536d0c462352beb48","101901.16","35.5102912072395489"
"7a241947449cc45dbfda4f9d0798d9d0","8027.63","35.4221800886670344"
"688756f717c462a206ad854c5027a64a","5966.54","35.2981126000911396"
"2a261b5b644fa05f4f2700eb93544f2c","5355","35.2447138228427115"
"6c7d50c24b3ccd2fd83b44d8bb34e073","8699.34","34.9834725597330950"
"0432ead42b6c8a0bdf68154add917fdf","7792.1","34.8046441897992522"
"9b013e03b2ab786505a1d3b5c0756754","9027.40","34.6507132018494736"
"6a8b085f816a1f75f92dbac6eb545f8f","6018.97","34.6168458230588073"
"3be634553519fb6536a03e1358e9fdc7","5370.95","34.5591203585793165"
"6973a06f484aacf400ece213dbf3d946","11011.05","34.5375122851028577"
"c33847515fa6305ce6feb1e818569f13","15519.85","34.3709127075231904"
"ccb83a794700270fde70898fe9ff368b","11062","33.7391958015204229"
"6560211a19b47992c3666cc44a7e94c0","123304.83","33.6536696088260243"
"2dee2ce60de9709b1a24083217181a1f","7784.5","33.5529783611284932"
"431af27f296bc6519d890aa5a05fdb11","13109.5","33.1174508135378194"
"834f3294fba9f932f56edc879193f925","39907.5","32.9670650441069386"
"00fc707aaaad2d31347cf883cd2dfe10","12684.90","32.8481175013589565"
"2ff97219cb8622eaf3cd89b7d9c09824","4476.9","32.7585547786255449"
"8160255418d5aaa7dbdc9f4c64ebda44","47017.69","32.6952751360974475"
"4c03b9dd4c11ee2cb35c96c49efc9420","6458.6","32.5399261028684858"
"f80edd2c5aaa505cc4b0a3b219abf4b8","9108.2","32.4882161783739045"
"7ea5bfa6c340f58f8e71fc1f0412b0d6","11002.89","32.3798895060933006"
"f62d7bb4a613ec758a03342d46b580b2","24665","32.3067299240745933"
"bbad7e518d7af88a0897397ffdca1979","4462.22","32.1552078055733896"
"669ae81880e08f269a64487cfb287169","13248.87","32.0820564024167029"
"530ec6109d11eaaf87999465c6afee01","12983.81","31.8635550635854488"
"c003204e1ab016dfa150abc119207b24","25108.09","31.8389944286990250"
"6b243f80ed07b10f0e8aa0f21a205f3c","6260.1","31.1714303402752318"
"db2956745b3a8e9f3785c99f34b5d25e","8599","30.9543174614389794"
"6cd68b3ed6d59aaa9fece558ad360c0a","11188.57","30.8814994734003273"
"06a2c3af7b3aee5d69171b0e14f0ee87","36408.95","30.5757305132441724"
"1d8dbc4f32378d715c717c1c1fc57bae","11315.89","30.2534519467080585"
"1a3df491d1c4f1589fc2b934ada68bf2","23302.7","29.9394034797143626"
"95e03ca3d4146e4011985981aeb959b9","11009.96","29.8219201079124275"
"2c9e548be18521d1c43cde1c582c6de8","6109.44","29.7616930615309275"
"e26901d5ab434ce92fd9b5c256820a4e","11990.9","29.5092250738488614"
"dfc5fb7259bb2b599ca565e6e9448f0f","6124.63","29.3620979159957250"
"acce39e832338debb07b02385cde5967","4748.1","28.9780367183620629"
"0cbcee27c791afa0cdcb08587a2013a8","5324.15","28.9718776595848413"
"6edacfd9f9074789dad6d62ba7950b9c","13147.1","28.8764498676746694"
"7722b1df1b0e383e000397b2c11e3e19","7094.09","28.8594586863734865"
"289cdb325fb7e7f891c38608bf9e0962","13544.95","28.5998182483957377"
"8e8a7ce9f2f970dc00e2acf6f6e199f6","9101","28.2233557334667214"
"7aa4334be125fcdd2ba64b3180029f14","16234.81","27.7560143883499617"
"ba143b05f0110f0dc71ad71b4466ce92","6110.58","27.7108889806605665"
"670c26e0f1bf8d0576271d5cfaec6d2b","6341.6","27.3195101014624354"
"8c16d1f32a54d92897cc437244442e1b","5642.60","27.2488513649628230"
"8a432f4e5b471f8da497d7dc517666e2","7555","26.9481099324390023"
"972d0f9cf61b499a4812cf0bfa3ad3c4","8089.29","26.9243033533500805"
"7008613ea464bad5cb9b83456e1e6a8f","7777.0","26.8946653751450427"
"dbc22125167c298ef99da25668e1011f","33776.78","26.7733936164720079"
"66922902710d126a0e7d26b0e3805106","14362.3","26.7238192576485468"
"624f4ece8da4aafb77699233d480f8ef","9205","26.5806694146702508"
"fad44952713764836814be105382aee5","5129","26.4077632463906218"
"0bf0150d5b9d60d9cd2906003332f085","5774.6","26.3327531191169570"
"0bae85eb84b9fb3bd773911e89288d54","7482.21","26.2877888163874191"
"b6d44737c043328708f6749c2dbe50bd","5369.6","26.1788125752124454"
"c31eff8334d6b3047ed34bebd4d62c36","13191.50","25.9827852833544574"
"080102cd0a76b09e0dcf55fcacc60e05","5716.78","25.8709638567364802"
"12b9676b00f60f3b700e83af21824c0e","26774","25.7237997789809224"
"b8bc237ba3788b23da09c0f1f3a3288c","13685.71","25.1876301464812226"
"1da3aeb70d7989d1e6d9b0e887f97c23","8823.52","25.0895121361249489"
"dbd66278cbfe1aa1000f90a217ca4695","4928.9","25.0059039823073949"
"834f8533b2ecb6598dd004ff3de7203a","4538.29","24.5376056027101707"
"1900267e848ceeba8fa32d80c1a5f5a8","24982.53","24.3773032844525322"
"8d956fec2e4337affcb520f56fd8cbfd","11015.19","24.3318632452039374"
"0db783cfcd3b73998abc6e10e59a102f","9077.4","23.9630556406651259"
"0dd184061fb0eaa7ca37932c68ab91c5","18446.92","23.6066616213701888"
"4917cee8d902e13428c3ec4b1ca6f315","5421.9","23.5868342513360618"
"fcdd820084f17e9982427971e4e9d47f","4783.99","23.3557255985254766"
"06579cb253ecd5a3a12a9e6eb6bf8f47","4727.2","23.2432870144544472"
"37be5a7c751166fbc5f8ccba4119e043","55350.55","23.2268137419109530"
"cc419e0650a3c5ba77189a1882b7556a","104288.42","23.1976998084303941"
"7e3f87d16fb353f408d467e74fbd8014","4754.99","23.1516561450377566"
"cb8bcce248bb1fb274ba762d8b971456","9402.2","23.0665531414598654"
"4830e40640734fc1c52cd21127c341d4","9843.47","22.4326710529190483"
"8a32e327fe2c1b3511609d81aaf9f042","6429.01","22.2129205903109175"
"259f7b5e6e482c230e5bfaa670b6bb8f","8526.04","20.6515568191348271"
"058fd0aa2bfdb2274e05e1ae971dabb6","7667.9","20.5452046479897050"
"1f9ab4708f3056ede07124aad39a2554","13602.73","20.5064261996571789"
"609e1a9a6c2539919b8205cf7c4e6ff0","6595.23","20.4078154322201647"
"d2374cbcbb3ca4ab1086534108cc3ab7","21223.92","20.2288434371697116"
"91f848e9f4be368f4318775aac733370","5932.60","19.4636600611407843"
"cbd996ad3c1b7dc71fd0e5f5df9087e2","8411.04","19.1082922583319129"
"562fc2f2c2863ab7e79a9e4388a58a14","8814.20","18.7707662194093778"
"f457c46070d02cadd8a68551231220dd","19093.0","18.5622409230551539"
"ea8482cd71df3c1969d7b9473ff13abc","37177.52","18.4914495887549756"
"d94a40fd42351c259927028d163af842","13823.8","18.3592655679222250"
"0ea22c1cfbdc755f86b9b54b39c16043","10711.7","18.2972305981383221"
"2138ccb85b11a4ec1e37afbd1c8eda1f","12357.03","18.0325717692031744"
"33a6f4b1e7cdc205511e76ba1b6e0186","10295.01","17.2715003848205713"
"afe0067131b73e40875c9b6c10bd2e21","5130.4","16.6351150624243239"
"fa40cc5b934574b62717c68f3d678b6d","16055.87","16.3691727799676487"
"83e197e95a1bbabc8c75e883ed016c47","6693.69","16.3552197147941708"
"001cca7ae9ae17fb1caed9dfb1094831","25080.03","16.1534855930201593"
"e9d99831abad74458942f21e16f33f92","4922.48","16.0384684628255312"
"ececbfcff9804a2d6b40f589df8eef2b","6792.40","16.0247388097540125"
"b410bdd36d5db7a65dcd42b7ead933b8","7726.9","16.0185679455900222"
"b2479f944e1b90cf8a5de1bbfde284d6","4752.51","15.6296014712195577"
"b1fc4f64df5a0e8b6913ab38803c57a9","7994.74","15.6294212138306274"
"080199a181c46c657dc5aa235411be3b","14504.20","15.1800396340462048"
"640e21a7d01df7614a3b4923e990d40c","7598.88","15.1196150845466919"
"92eb0f42c21942b6552362b9b114707d","6548.63","14.4139430294064629"
"503c1de08ae81a2d86f17951b204db55","4906.99","14.1437106163835238"
"5a8e7d5003a1f221f9e1d6e411de7c23","11171.9","14.0827598584298305"
"d98eec89afa3380e14463da2aabaea72","6968.53","14.0505525748519982"
"e5a3438891c0bfdb9394643f95273d8e","7738.35","13.8293294716679075"
"ad781527c93d00d89a11eecd9dcad7c1","6899.57","13.6018203198983317"
"ce7d1888639e6fb06b2749cbfdac1ff7","11793.89","13.4180857534471635"
"06df0c10d34e459d9672bc77388742eb","9070","12.6854065851231216"
"128639473a139ac0f3e5f5ade55873a5","11908.85","12.4287674583523204"
"813348c996469b40f2e028d5429d3495","11205.83","12.3611765807813807"
"ef0ace09169ac090589d85746e3e036f","16223.3","12.2494921135564727"
"a49928bcdf77c55c6d6e05e09a9b4ca5","8816.7","12.1453620533522213"
"b14db04aa7881970e83ffa9426897925","5898.6","12.0350048410186160"
"537eb890efff034a88679788b647c564","4679.7","11.7300281739855578"
"37515688008a7a40ac93e3b2e4ab203f","5986.6","11.4975878556896729"
"1fe5540d7c1c37a595fefbacd5570d9e","4537.6","11.1328897117205528"
"adbc26658d6c7b4b6219f9d934598091","11806.4","10.8135114823131128"
"cab85505710c7cb9b720bceb52b01cee","11389.1","10.6270768608218524"
"f84fa566034f5e8e880a07ec624c56af","5093.79","10.5644156218679075"
"4c2b230173bb36f9b240f2b8ac11786e","14592.27","10.4486698166523313"
"8b321bb669392f5163d04c59e235e066","17535.69","10.3141831040979595"
"3ade81dab5a172b88e1871c28ae05260","5751.6","10.1247620441970340"
"ef506c96320abeedfb894c34db06f478","9771.43","9.4934592007271094"
"30a2f535bb48308f991d0b9ad4a8c4bb","4731.3","8.6949090544015671"
"5cf13accae3222c70a9cac40818ae839","14383.2","8.4925318235608366"
"1c129092bf23f28a5930387c980c0dfc","9553.62","7.6520159502543695"
"63b464dbf392c7b80d12d932fa7cafed","6781","7.5643884755773017"
"1f50f920176fa81dab994f9023523100","106939.21","6.9325254280449932"
"c70c1b0d8ca86052f45a432a38b73958","36537.37","6.6100416266098562"
"85d9eb9ddc5d00ca9336a2219c97bb13","15415.24","6.5138599545725709"
"9616352088dcf83a7c06637f4ebf1c80","5703.0","5.7519304930799369"
"701938c450705b8ae65fc923b70f35c7","11983.28","4.8430107263718605"
"fc906263ca5083d09dce42fe02247800","4497.7","4.4177683406356399"
"dbdd0ec73a4817971d962698f2fea022","6384","0"
"54219883e72aad869adfb2a54b7bfa0f","6750","0"
"e2a1ac9bf33e5549a2a4f834e70df2f8","14999.45","0"
"6fa9202c10491e472dffd59a3e82b2a3","7014.24","0"
"cf8ab1616079e2793aa29d524df01bb1","14391","0"
"3df020b72d3d44b3af9d110fa3940b65","5039.9","0"
"c004e5ea15737026cecaee0447e00b75","4700","0"
